loss,val_loss
0.009970368817448616,1.3401660908129998e-05
0.00023213941312860698,0.00019799353322014213
